{"rows_bronze": 7866620, "rows_silver": 7866620, "rows_gold": 7866620, "gold_row": [2019, 3, 7866620, 23782299.770000003, 151913058.03, 17483106.65, 19.31, "2025-10-04T18:01:24.265000"]}